Volume of imports of major arms by the top 10000 largest recipients  1950-1980;
Figures are in millions of SIPRI trend-indicator values (TIVs).
A '0' indicates that the volume of deliveries is between 0 and 0.5 million SIPRI TIV. An empty field indicates that no deliveries have been identified.
Figures may not add up to stated totals due to the conventions of rounding.
For the method used for the SIPRI TIV see <https://www.sipri.org/databases/armstransfers/sources-and-methods>.

Source: SIPRI Arms Transfers Database (c) SIPRI.
Data generated: 10 May 2026 10:15:54 AM

,,,,,,,,,,,,,,,,,,,,,,,,,,,,,,,,,,,,,,,,,,,,,,,,,,,,,,,,,,,,,,,,,,,,,,,,,
,Rank 1950-1980,,Recipient,1950,1951,1952,1953,1954,1955,1956,1957,1958,1959,1960,1961,1962,1963,1964,1965,1966,1967,1968,1969,1970,1971,1972,1973,1974,1975,1976,1977,1978,1979,1980,1950-1980, Share of global arms imports,,,,,,,,,,,,,,,,,,,,,,,,,,,,,,,,,,,,,
,1,,Germany,,,,,,16,1560,2230,2774,1482,2036,2093,2501,3312,3828,3515,3387,1385,1249,1233,1257,2240,796,1721,2141,1831,1357,1012,661,65,150,45832,5.5%,,,,,,,,,,,,,,,,,,,,,,,,,,,,,,,,,,,,,
,2,,Iran,20,6,0,1,20,35,29,54,93,75,141,75,83,105,139,496,601,553,917,950,899,2099,1375,2051,2855,5229,4653,5482,3724,526,278,33562,4.1%,,,,,,,,,,,,,,,,,,,,,,,,,,,,,,,,,,,,,
,3,,China,2626,2246,3478,3143,3499,1804,2266,2143,2795,3176,2357,952,415,450,485,257,225,144,180,,1,1,1,1,1,1,1,72,83,8,4,32814,4.0%,,,,,,,,,,,,,,,,,,,,,,,,,,,,,,,,,,,,,
,4,,India,140,253,103,401,334,396,305,925,1069,902,544,1148,402,695,794,1004,961,1132,1372,1366,963,2019,2093,1511,1331,1528,1942,2375,1195,1200,1768,32169,3.9%,,,,,,,,,,,,,,,,,,,,,,,,,,,,,,,,,,,,,
,5,,Poland,195,590,804,1037,1980,1060,710,1105,1093,1031,889,864,685,1020,1572,1162,1004,781,927,992,859,1009,958,1110,1060,887,1102,1023,1186,1187,1119,31003,3.8%,,,,,,,,,,,,,,,,,,,,,,,,,,,,,,,,,,,,,
,6,,Egypt,152,46,1,2,135,729,1203,998,394,273,164,544,685,741,851,962,1540,2241,1276,1242,1983,1982,3255,2607,1108,566,159,410,136,631,1016,28032,3.4%,,,,,,,,,,,,,,,,,,,,,,,,,,,,,,,,,,,,,
,7,,East Germany (GDR),26,,181,102,10,10,643,1096,945,593,402,205,764,767,991,924,1341,1191,1258,835,833,574,992,1059,937,564,1320,1096,1141,969,894,22665,2.7%,,,,,,,,,,,,,,,,,,,,,,,,,,,,,,,,,,,,,
,8,,Syria,109,1,20,18,9,108,148,473,122,37,38,27,35,89,65,100,525,905,829,875,870,735,1517,3282,3410,1411,527,931,871,2045,1867,22000,2.7%,,,,,,,,,,,,,,,,,,,,,,,,,,,,,,,,,,,,,
,9,,Italy,196,278,937,1315,308,578,941,739,398,424,409,427,886,1219,1141,736,412,107,196,611,685,1104,1766,1023,1121,1016,711,517,682,591,468,21942,2.7%,,,,,,,,,,,,,,,,,,,,,,,,,,,,,,,,,,,,,
,10,,Czechoslovakia,90,255,715,1615,1010,1062,573,203,562,840,534,663,543,585,573,692,690,754,868,846,743,1100,956,1058,1087,837,213,300,560,498,470,21493,2.6%,,,,,,,,,,,,,,,,,,,,,,,,,,,,,,,,,,,,,
,11,,Libya,,,,,,,,3,,1,14,17,2,3,15,9,26,12,57,152,371,540,534,733,1767,1647,1848,3054,4222,3067,2951,21044,2.5%,,,,,,,,,,,,,,,,,,,,,,,,,,,,,,,,,,,,,
,12,,Israel,53,97,73,68,2,120,754,132,141,222,164,88,279,368,415,447,460,229,926,1365,1189,1413,963,2182,1032,1184,2004,1227,1224,709,1253,20782,2.5%,,,,,,,,,,,,,,,,,,,,,,,,,,,,,,,,,,,,,
,13,,Japan,,,8,223,280,412,765,1023,1178,666,790,335,263,239,1716,1155,324,610,557,488,502,605,493,468,733,1597,1475,788,901,920,1029,20541,2.5%,,,,,,,,,,,,,,,,,,,,,,,,,,,,,,,,,,,,,
,14,,Soviet Union,36,,,8,70,945,1538,1500,1500,975,692,175,174,237,463,485,585,577,543,578,523,525,795,583,957,771,800,876,803,842,767,19322,2.3%,,,,,,,,,,,,,,,,,,,,,,,,,,,,,,,,,,,,,
,15,,Canada,264,294,1025,1889,1248,1400,751,731,242,317,171,1576,1220,1012,742,563,306,237,336,516,623,457,376,78,229,195,53,90,130,193,442,17705,2.1%,,,,,,,,,,,,,,,,,,,,,,,,,,,,,,,,,,,,,
,16,,United States,313,595,775,1215,1796,1792,1971,1211,591,546,181,198,236,283,358,170,89,88,62,50,38,578,769,656,586,388,499,384,369,253,380,17418,2.1%,,,,,,,,,,,,,,,,,,,,,,,,,,,,,,,,,,,,,
,17,,Turkiye,100,119,337,171,172,445,307,616,532,904,581,322,266,586,839,603,525,593,418,628,396,941,1094,790,1279,640,358,293,984,917,486,17240,2.1%,,,,,,,,,,,,,,,,,,,,,,,,,,,,,,,,,,,,,
,18,,Iraq,,,59,50,17,57,99,41,188,174,176,130,278,201,321,248,341,364,392,418,185,187,645,1846,1425,1113,1137,1073,1796,1395,2252,16606,2.0%,,,,,,,,,,,,,,,,,,,,,,,,,,,,,,,,,,,,,
,19,,North Korea,885,406,235,718,285,371,456,468,874,619,405,69,181,197,168,118,832,846,1308,609,649,1502,482,535,793,561,487,297,354,313,487,16509,2.0%,,,,,,,,,,,,,,,,,,,,,,,,,,,,,,,,,,,,,
,20,,Netherlands,158,454,423,972,784,722,1110,717,455,146,255,227,294,767,1014,815,204,751,288,569,699,698,650,21,40,108,285,606,717,792,645,16386,2.0%,,,,,,,,,,,,,,,,,,,,,,,,,,,,,,,,,,,,,
,21,,France,180,967,1150,1720,1770,1647,1521,743,1133,815,526,321,122,162,1300,378,106,98,123,64,44,57,33,51,46,45,186,194,231,107,70,15908,1.9%,,,,,,,,,,,,,,,,,,,,,,,,,,,,,,,,,,,,,
,22,,United Kingdom,101,246,535,1610,537,322,141,93,554,543,26,34,38,159,133,166,242,1444,2348,2701,70,176,222,239,319,337,251,262,191,232,557,14827,1.8%,,,,,,,,,,,,,,,,,,,,,,,,,,,,,,,,,,,,,
,23,,Viet Nam,,,,,10,19,9,60,26,59,103,95,47,107,266,651,1138,1103,1179,909,1214,1197,1317,1283,859,493,42,42,227,1249,1017,14719,1.8%,,,,,,,,,,,,,,,,,,,,,,,,,,,,,,,,,,,,,
,24,,Australia,464,367,399,151,125,637,463,460,549,422,116,155,460,369,539,920,707,770,557,702,230,310,63,713,898,108,91,278,1029,197,409,13657,1.7%,,,,,,,,,,,,,,,,,,,,,,,,,,,,,,,,,,,,,
,25,,Greece,97,500,306,84,152,203,88,348,410,290,261,148,340,106,639,497,212,373,107,292,305,581,689,246,428,912,1288,980,1281,734,660,13556,1.6%,,,,,,,,,,,,,,,,,,,,,,,,,,,,,,,,,,,,,
,26,,Belgium,229,461,972,1098,604,345,673,670,887,179,92,132,188,575,652,521,116,39,220,240,514,499,492,562,113,130,184,187,409,779,565,13328,1.6%,,,,,,,,,,,,,,,,,,,,,,,,,,,,,,,,,,,,,
,27,,Yugoslavia,,185,480,514,524,334,352,229,112,279,205,118,346,374,313,418,476,565,640,435,362,349,376,257,290,746,642,711,596,935,783,12945,1.6%,,,,,,,,,,,,,,,,,,,,,,,,,,,,,,,,,,,,,
,28,,Taiwan,,98,304,383,308,622,252,380,718,921,472,108,146,320,347,494,326,477,293,588,588,352,245,329,372,344,484,792,779,522,513,12875,1.6%,,,,,,,,,,,,,,,,,,,,,,,,,,,,,,,,,,,,,
,29,,Bulgaria,166,88,117,364,689,539,431,304,354,165,482,522,493,553,326,372,218,329,256,533,771,407,460,274,302,390,368,492,876,323,580,12541,1.5%,,,,,,,,,,,,,,,,,,,,,,,,,,,,,,,,,,,,,
,30,,Romania,7,76,427,873,626,464,450,189,109,100,116,30,179,230,421,520,401,442,591,399,561,471,497,538,673,637,294,348,329,612,516,12123,1.5%,,,,,,,,,,,,,,,,,,,,,,,,,,,,,,,,,,,,,
,31,,South Korea,170,177,239,229,232,277,386,217,192,180,122,113,65,214,332,632,578,137,359,586,100,250,413,269,458,661,556,1199,399,1323,877,11941,1.4%,,,,,,,,,,,,,,,,,,,,,,,,,,,,,,,,,,,,,
,32,,Hungary,56,52,13,832,729,222,1,59,259,336,604,580,295,376,747,667,150,287,271,449,24,239,123,394,554,495,378,394,660,485,388,11116,1.3%,,,,,,,,,,,,,,,,,,,,,,,,,,,,,,,,,,,,,
,33,,Spain,1,11,11,95,138,228,284,282,199,329,214,103,55,15,51,382,307,303,133,181,234,637,793,895,557,1161,831,312,432,650,689,10509,1.3%,,,,,,,,,,,,,,,,,,,,,,,,,,,,,,,,,,,,,
,34,,Pakistan,170,169,145,95,95,152,187,537,336,313,46,41,84,225,96,222,592,151,415,542,422,553,664,177,225,223,276,271,655,697,900,9677,1.2%,,,,,,,,,,,,,,,,,,,,,,,,,,,,,,,,,,,,,
,35,,Sweden,242,298,330,410,289,400,541,253,164,253,227,165,177,335,400,324,299,318,189,172,137,160,196,231,256,292,214,114,229,233,291,8135,1.0%,,,,,,,,,,,,,,,,,,,,,,,,,,,,,,,,,,,,,
,36,,Brazil,,615,,133,112,379,55,134,120,130,236,212,62,127,25,149,57,218,236,108,217,171,520,598,256,538,551,525,832,375,338,8029,1.0%,,,,,,,,,,,,,,,,,,,,,,,,,,,,,,,,,,,,,
,37,,Algeria,,,,,,,,,,,,7,63,90,181,354,439,525,58,79,14,14,180,110,13,56,130,1052,1267,1823,1337,7792,0.9%,,,,,,,,,,,,,,,,,,,,,,,,,,,,,,,,,,,,,
,38,,Cuba,,8,12,13,20,3,35,11,23,10,153,524,1337,288,252,135,232,163,155,155,155,162,452,420,408,200,316,609,503,410,349,7511,0.9%,,,,,,,,,,,,,,,,,,,,,,,,,,,,,,,,,,,,,
,39,,South Vietnam,,,,0,45,87,121,28,20,20,43,111,165,132,85,131,199,261,308,590,656,978,2551,629,352,,,,,,,7511,0.9%,,,,,,,,,,,,,,,,,,,,,,,,,,,,,,,,,,,,,
,40,,Saudi Arabia,0,,7,1,0,18,10,108,14,6,6,8,22,,5,48,227,222,448,416,87,10,130,202,547,372,702,1019,1014,767,1085,7502,0.9%,,,,,,,,,,,,,,,,,,,,,,,,,,,,,,,,,,,,,
,41,,South Africa,37,73,181,51,47,105,253,207,169,68,13,,232,520,302,386,496,299,217,211,511,309,291,369,177,235,419,500,389,125,192,7382,0.9%,,,,,,,,,,,,,,,,,,,,,,,,,,,,,,,,,,,,,
,42,,Indonesia,195,58,14,6,16,25,42,16,687,576,448,780,1026,206,596,317,17,1,0,9,27,92,5,73,73,4,156,62,124,370,898,6921,0.8%,,,,,,,,,,,,,,,,,,,,,,,,,,,,,,,,,,,,,
,43,,Peru,2,24,85,17,111,35,175,117,30,175,191,96,14,24,18,52,65,26,188,96,35,157,198,476,561,555,373,933,748,641,676,6892,0.8%,,,,,,,,,,,,,,,,,,,,,,,,,,,,,,,,,,,,,
,44,,Denmark,44,132,397,616,286,175,234,125,111,203,142,335,61,137,491,455,66,72,77,19,212,384,156,,39,89,389,391,360,55,480,6735,0.8%,,,,,,,,,,,,,,,,,,,,,,,,,,,,,,,,,,,,,
,45,,Norway,110,123,426,421,19,170,281,144,149,119,153,93,60,227,260,368,759,685,289,538,154,82,68,63,55,49,35,27,24,47,254,6251,0.8%,,,,,,,,,,,,,,,,,,,,,,,,,,,,,,,,,,,,,
,46,,Argentina,85,445,38,4,5,0,39,13,69,161,111,205,47,29,19,7,93,143,430,230,257,363,402,248,450,268,499,204,434,451,445,6193,0.7%,,,,,,,,,,,,,,,,,,,,,,,,,,,,,,,,,,,,,
,47,,Switzerland,147,144,303,157,130,218,301,211,229,289,218,37,4,52,263,228,373,177,199,166,142,153,192,123,64,136,142,4,217,226,272,5519,0.7%,,,,,,,,,,,,,,,,,,,,,,,,,,,,,,,,,,,,,
,48,,Portugal,9,21,120,286,373,165,90,153,109,62,35,157,28,41,46,39,244,286,371,339,371,267,17,17,118,327,64,94,130,7,36,4419,0.5%,,,,,,,,,,,,,,,,,,,,,,,,,,,,,,,,,,,,,
,49,,Venezuela,59,,25,195,135,64,400,275,120,9,64,32,32,34,6,,69,205,20,8,15,130,165,395,252,230,170,216,59,14,361,3758,0.5%,,,,,,,,,,,,,,,,,,,,,,,,,,,,,,,,,,,,,
,50,,Jordan,0,,7,0,6,13,30,15,44,4,53,26,66,39,33,56,95,126,48,173,147,90,87,56,132,372,383,457,576,256,359,3749,0.5%,,,,,,,,,,,,,,,,,,,,,,,,,,,,,,,,,,,,,
,51,,Thailand,62,91,45,25,70,49,10,88,15,10,28,52,113,111,84,87,58,140,88,121,258,243,147,321,114,90,154,111,192,326,318,3620,0.4%,,,,,,,,,,,,,,,,,,,,,,,,,,,,,,,,,,,,,
,52,,Afghanistan,,,,,,4,4,100,225,275,39,55,64,40,56,91,198,230,145,166,120,25,,,47,137,230,75,156,449,632,3563,0.4%,,,,,,,,,,,,,,,,,,,,,,,,,,,,,,,,,,,,,
,53,,Morocco,,,,,,,28,14,10,13,22,37,93,16,16,82,159,149,93,41,80,1,,21,198,207,216,408,419,725,469,3517,0.4%,,,,,,,,,,,,,,,,,,,,,,,,,,,,,,,,,,,,,
,54,,Chile,1,247,32,10,42,5,66,32,50,20,308,38,19,123,38,49,74,150,62,13,77,185,51,278,272,196,387,72,192,147,150,3388,0.4%,,,,,,,,,,,,,,,,,,,,,,,,,,,,,,,,,,,,,
,55,,Ethiopia,2,19,,6,8,1,1,16,19,6,24,4,21,27,4,14,99,31,34,24,90,54,53,5,36,58,113,1133,965,113,330,3311,0.4%,,,,,,,,,,,,,,,,,,,,,,,,,,,,,,,,,,,,,
,56,,South Yemen,,,,,,,,,,,,,,,,,,29,13,58,17,50,112,86,71,14,,8,55,1078,1218,2809,0.3%,,,,,,,,,,,,,,,,,,,,,,,,,,,,,,,,,,,,,
,57,,Albania,20,10,21,35,37,98,74,54,59,141,69,74,42,12,8,140,74,163,265,297,250,332,134,106,137,53,5,7,5,,,2720,0.3%,,,,,,,,,,,,,,,,,,,,,,,,,,,,,,,,,,,,,
,58,,Singapore,,,,,,,6,,,,,,,,,1,8,,6,139,92,171,181,89,282,253,252,171,50,313,371,2385,0.3%,,,,,,,,,,,,,,,,,,,,,,,,,,,,,,,,,,,,,
,59,,Malaysia,,,,,,,,,13,18,5,2,31,75,97,10,58,128,91,79,25,192,109,229,74,85,394,146,72,310,127,2369,0.3%,,,,,,,,,,,,,,,,,,,,,,,,,,,,,,,,,,,,,
,60,,Kuwait,,,,0,5,1,,,2,,44,4,10,5,56,23,11,,104,126,59,109,30,4,5,77,230,485,504,223,35,2151,0.3%,,,,,,,,,,,,,,,,,,,,,,,,,,,,,,,,,,,,,
,61,,Ecuador,,,,10,14,124,6,,13,,66,,,3,3,29,9,21,5,1,5,85,41,15,22,42,226,582,224,110,289,1944,0.2%,,,,,,,,,,,,,,,,,,,,,,,,,,,,,,,,,,,,,
,62,,Nigeria,,,,,,,,,,5,,1,8,9,2,56,159,47,50,39,14,12,113,7,24,424,104,90,142,108,474,1888,0.2%,,,,,,,,,,,,,,,,,,,,,,,,,,,,,,,,,,,,,
,63,,Philippines,,2,1,32,22,28,39,42,37,68,50,44,11,4,2,99,86,43,16,26,9,90,50,106,60,133,256,198,143,92,75,1863,0.2%,,,,,,,,,,,,,,,,,,,,,,,,,,,,,,,,,,,,,
,64,,Finland,,,18,,,11,15,3,25,41,60,52,48,252,103,81,42,76,23,21,15,4,26,13,172,129,74,12,105,47,328,1794,0.2%,,,,,,,,,,,,,,,,,,,,,,,,,,,,,,,,,,,,,
,65,,New Zealand,41,70,147,12,,35,147,90,58,,119,111,8,5,,10,406,4,56,,168,133,23,23,10,51,7,34,,,,1767,0.2%,,,,,,,,,,,,,,,,,,,,,,,,,,,,,,,,,,,,,
,66,,North Yemen,0,,4,,,1,,40,8,,,23,,1,,,1,,,,,,,,9,9,0,13,14,744,705,1572,0.2%,,,,,,,,,,,,,,,,,,,,,,,,,,,,,,,,,,,,,
,67,,Austria,,,,2,,16,108,149,11,24,16,27,56,201,74,78,61,48,1,12,99,123,93,38,32,12,12,,8,72,177,1547,0.2%,,,,,,,,,,,,,,,,,,,,,,,,,,,,,,,,,,,,,
,68,,United Arab Emirates,,,,,,,,,,,,,,,,,,,13,12,67,24,28,88,100,145,275,310,230,39,213,1544,0.2%,,,,,,,,,,,,,,,,,,,,,,,,,,,,,,,,,,,,,
,69,,Colombia,3,8,15,12,36,3,43,15,292,1,5,66,6,32,9,18,32,15,32,121,8,40,171,163,5,291,10,8,12,36,12,1518,0.2%,,,,,,,,,,,,,,,,,,,,,,,,,,,,,,,,,,,,,
,70,,Sudan,,,,,,,,2,5,4,6,17,34,17,36,5,10,6,13,177,598,87,69,23,3,5,,29,208,46,3,1401,0.2%,,,,,,,,,,,,,,,,,,,,,,,,,,,,,,,,,,,,,
,71,,Mongolia,,5,28,5,3,10,9,12,12,,10,66,90,86,120,137,116,63,15,22,15,13,8,58,76,195,31,30,47,29,60,1371,0.2%,,,,,,,,,,,,,,,,,,,,,,,,,,,,,,,,,,,,,
,72,,Somalia,,,,,,,,,,,11,2,0,11,,31,53,72,4,1,,,24,165,283,128,185,29,57,90,101,1246,0.2%,,,,,,,,,,,,,,,,,,,,,,,,,,,,,,,,,,,,,
,73,,Mexico,,7,,12,,,,,16,2,20,30,109,60,38,12,22,15,,,82,48,15,158,61,104,69,39,74,68,75,1134,0.1%,,,,,,,,,,,,,,,,,,,,,,,,,,,,,,,,,,,,,
,74,,DR Congo,,,,,,,,,,,2,9,13,32,64,23,27,16,7,28,19,165,15,5,9,445,134,28,38,15,10,1104,0.1%,,,,,,,,,,,,,,,,,,,,,,,,,,,,,,,,,,,,,
,75,,Oman,,,,,,,,,,1,1,,,1,1,1,2,7,5,36,26,62,11,71,67,181,150,250,81,43,12,1010,0.1%,,,,,,,,,,,,,,,,,,,,,,,,,,,,,,,,,,,,,
,76,,Tanzania,,,,,,,,,,,,,,,4,4,22,1,,,11,60,51,121,185,48,,47,67,260,53,933,0.1%,,,,,,,,,,,,,,,,,,,,,,,,,,,,,,,,,,,,,
,77,,Angola,,,,,,,,,,,,,,,,,,,,,,,,,1,233,192,134,133,116,116,926,0.1%,,,,,,,,,,,,,,,,,,,,,,,,,,,,,,,,,,,,,
,78,,Mozambique,,,,,,,,,,,,,,,,,,,,,,,,,,28,34,152,494,111,52,871,0.1%,,,,,,,,,,,,,,,,,,,,,,,,,,,,,,,,,,,,,
,79,,Zambia,,,,,,,,,,,,,,,7,16,17,,,7,4,165,29,19,9,48,109,41,42,4,136,651,0.1%,,,,,,,,,,,,,,,,,,,,,,,,,,,,,,,,,,,,,
,80,,Cambodia,,,,,4,19,36,10,4,2,1,2,5,11,41,43,37,20,15,18,8,22,104,114,25,,,,43,,34,619,0.1%,,,,,,,,,,,,,,,,,,,,,,,,,,,,,,,,,,,,,
,81,,Myanmar,4,0,0,16,39,47,30,53,61,29,6,17,14,28,18,19,3,14,6,22,4,28,4,,,53,10,9,25,19,40,617,0.1%,,,,,,,,,,,,,,,,,,,,,,,,,,,,,,,,,,,,,
,82,,Lebanon,0,,1,8,3,17,,40,71,11,,5,13,18,,34,72,80,1,,,10,52,55,41,11,4,8,2,19,37,614,0.1%,,,,,,,,,,,,,,,,,,,,,,,,,,,,,,,,,,,,,
,83,,unknown recipient(s),,,,,,,,,,10,10,18,38,67,76,76,58,58,58,58,18,10,10,5,5,,,,,,30,605,0.1%,,,,,,,,,,,,,,,,,,,,,,,,,,,,,,,,,,,,,
,84,,Tunisia,,,,,,,,11,,13,44,6,,7,4,40,,5,17,23,49,0,4,26,14,14,10,73,14,122,103,597,0.1%,,,,,,,,,,,,,,,,,,,,,,,,,,,,,,,,,,,,,
,85,,Kenya,,,,,,,,,,,,,,,6,15,19,2,2,3,0,26,9,2,28,25,17,58,211,56,119,596,0.1%,,,,,,,,,,,,,,,,,,,,,,,,,,,,,,,,,,,,,
,86,,Uruguay,68,3,39,3,1,2,22,12,9,,17,0,100,0,2,8,6,,10,12,10,16,24,6,5,13,53,2,8,9,22,481,0.1%,,,,,,,,,,,,,,,,,,,,,,,,,,,,,,,,,,,,,
,87,,Laos,,,,,1,2,1,1,10,2,3,4,19,15,7,7,14,14,4,10,23,17,14,44,1,37,21,134,26,,35,465,0.1%,,,,,,,,,,,,,,,,,,,,,,,,,,,,,,,,,,,,,
,88,,Ghana,,,,,,,,,,1,12,107,20,6,40,40,24,1,,,,,12,13,19,28,39,,18,7,38,426,0.1%,,,,,,,,,,,,,,,,,,,,,,,,,,,,,,,,,,,,,
,89,,Bangladesh,,,,,,,,,,,,,,,,,,,,,,10,2,76,44,39,70,62,45,1,55,403,0.0%,,,,,,,,,,,,,,,,,,,,,,,,,,,,,,,,,,,,,
,90,,Zimbabwe,1,11,2,7,35,27,8,,61,,15,,16,20,,,,21,,,,5,21,0,2,42,20,4,16,,,333,0.0%,,,,,,,,,,,,,,,,,,,,,,,,,,,,,,,,,,,,,
,91,,Uganda,,,,,,,,,,,,,,,3,1,16,4,27,16,3,3,20,17,46,123,34,7,,,,319,0.0%,,,,,,,,,,,,,,,,,,,,,,,,,,,,,,,,,,,,,
,92,,Bolivia,,6,,,2,,,,26,3,6,4,2,4,2,2,1,14,17,1,2,2,12,16,23,17,16,1,11,53,40,283,0.0%,,,,,,,,,,,,,,,,,,,,,,,,,,,,,,,,,,,,,
,93,,Guinea,,,,,,,,,,18,33,2,,0,0,18,,7,,0,1,4,5,18,24,2,18,8,45,69,,275,0.0%,,,,,,,,,,,,,,,,,,,,,,,,,,,,,,,,,,,,,
,94,,Gabon,,,,,,,,,,,,3,,,3,0,2,,4,4,1,24,,2,11,34,47,28,76,,33,271,0.0%,,,,,,,,,,,,,,,,,,,,,,,,,,,,,,,,,,,,,
,95,,Qatar,,,,,,,,,,,,,,,,,,,2,3,6,16,,,,38,26,55,16,14,57,234,0.0%,,,,,,,,,,,,,,,,,,,,,,,,,,,,,,,,,,,,,
,96,,Guatemala,,6,,,2,8,6,,,5,16,,1,7,8,5,,1,16,1,,46,1,0,15,47,15,1,1,5,8,222,0.0%,,,,,,,,,,,,,,,,,,,,,,,,,,,,,,,,,,,,,
,97,,Honduras,,1,2,,1,,9,1,12,1,,,14,,,1,6,,,20,,,,2,,31,30,34,33,9,13,220,0.0%,,,,,,,,,,,,,,,,,,,,,,,,,,,,,,,,,,,,,
,98,,Dominican Republic,2,11,43,21,2,6,7,1,17,14,9,15,0,7,5,10,9,1,1,0,1,2,7,0,,2,12,,,,9,215,0.0%,,,,,,,,,,,,,,,,,,,,,,,,,,,,,,,,,,,,,
,99,,Ireland,2,,,18,,,8,,1,,1,,,2,12,,,,,,,14,27,8,6,9,,5,28,26,44,213,0.0%,,,,,,,,,,,,,,,,,,,,,,,,,,,,,,,,,,,,,
,100,,Cote d'Ivoire,,,,,,,,,,,,3,1,1,,,2,3,26,2,7,17,1,,18,,,22,15,38,56,212,0.0%,,,,,,,,,,,,,,,,,,,,,,,,,,,,,,,,,,,,,
,101,,Sri Lanka,0,,0,17,,8,1,2,20,31,4,,,,0,,,,,2,,33,47,,,1,0,17,7,,18,208,0.0%,,,,,,,,,,,,,,,,,,,,,,,,,,,,,,,,,,,,,
,102,,Senegal,,,,,,,,,,,0,8,,0,4,0,2,,1,38,,12,,1,17,,15,41,20,29,,187,0.0%,,,,,,,,,,,,,,,,,,,,,,,,,,,,,,,,,,,,,
,103,,El Salvador,0,,,,1,1,,17,,,,,,0,,1,1,0,12,7,13,1,,1,29,46,19,10,3,11,13,186,0.0%,,,,,,,,,,,,,,,,,,,,,,,,,,,,,,,,,,,,,
,104,,NATO**,,,,,,,,26,26,26,26,22,5,,,,,7,14,14,14,,,,,,,,,,,178,0.0%,,,,,,,,,,,,,,,,,,,,,,,,,,,,,,,,,,,,,
,105,,Brunei,,,,,,,,,,,,,,,,5,1,18,1,,5,18,1,1,15,1,0,,46,64,,176,0.0%,,,,,,,,,,,,,,,,,,,,,,,,,,,,,,,,,,,,,
,106,,Congo,,,,,,,,,,,1,1,,0,,0,,1,1,23,9,27,2,,7,2,4,,35,26,17,156,0.0%,,,,,,,,,,,,,,,,,,,,,,,,,,,,,,,,,,,,,
,107,,Madagascar,,,,,,,,,,,,3,,1,0,8,,12,1,1,,0,0,,17,6,,,,64,43,156,0.0%,,,,,,,,,,,,,,,,,,,,,,,,,,,,,,,,,,,,,
,108,,Mali,,,,,,,,,,,,3,10,4,,,1,12,,2,,15,,,,11,89,,,,,148,0.0%,,,,,,,,,,,,,,,,,,,,,,,,,,,,,,,,,,,,,
,109,,Mauritania,,,,,,,,,,,2,1,1,6,1,1,,,,,21,13,,1,5,5,15,29,17,24,,141,0.0%,,,,,,,,,,,,,,,,,,,,,,,,,,,,,,,,,,,,,
,110,,Nicaragua,,,,3,15,27,1,2,6,,2,8,6,6,2,0,2,,,,,5,5,10,,,8,19,13,,,140,0.0%,,,,,,,,,,,,,,,,,,,,,,,,,,,,,,,,,,,,,
,111,,Cameroon,,,,,,,,,,,,0,,2,0,2,2,3,3,,,8,1,15,,,29,73,,1,,140,0.0%,,,,,,,,,,,,,,,,,,,,,,,,,,,,,,,,,,,,,
,112,,Togo,,,,,,,,,,,1,,,,0,0,,,1,1,2,1,,4,,15,47,1,9,9,28,119,0.0%,,,,,,,,,,,,,,,,,,,,,,,,,,,,,,,,,,,,,
,113,,Paraguay,5,,1,1,,0,,,,,9,,11,0,8,1,1,5,9,,0,1,12,0,1,20,3,,9,1,18,119,0.0%,,,,,,,,,,,,,,,,,,,,,,,,,,,,,,,,,,,,,
,114,,Panama,,,,,,,,,,,,,,,0,,,,0,3,15,18,2,16,,27,6,4,5,,3,99,0.0%,,,,,,,,,,,,,,,,,,,,,,,,,,,,,,,,,,,,,
,115,,Guinea-Bissau,,,,,,,,,,,,,,,,,,,,,,,,,21,12,14,,14,24,2,88,0.0%,,,,,,,,,,,,,,,,,,,,,,,,,,,,,,,,,,,,,
,116,,Niger,,,,,,,,,,,1,1,,,1,1,,,,2,1,12,,,3,,,,2,57,8,87,0.0%,,,,,,,,,,,,,,,,,,,,,,,,,,,,,,,,,,,,,
,117,,Yemen Arab Republic (North Yemen),,,,,,,,,,,,,,,,,,42,27,11,,,,,,,,,,,,80,0.0%,,,,,,,,,,,,,,,,,,,,,,,,,,,,,,,,,,,,,
,118,,Iceland,,,,,,,,,,,20,,,,,,,,27,,,,,,,27,,,,,,73,0.0%,,,,,,,,,,,,,,,,,,,,,,,,,,,,,,,,,,,,,
,119,,Sierra Leone,,,,,,,,,,,,,,,,,,,,,,,,28,,,1,,2,,42,73,0.0%,,,,,,,,,,,,,,,,,,,,,,,,,,,,,,,,,,,,,
,120,,Bahrain,,,,,,,,,,,,,,,,,,,,,,0,7,0,1,,,2,12,10,22,54,0.0%,,,,,,,,,,,,,,,,,,,,,,,,,,,,,,,,,,,,,
,121,,Chad,,,,,,,,,,,1,1,,,,0,,,,,,4,,3,13,10,8,3,,,10,51,0.0%,,,,,,,,,,,,,,,,,,,,,,,,,,,,,,,,,,,,,
,122,,Djibouti,,,,,,,,,,,,,,,,,,,,,,,,,,,,3,6,36,5,50,0.0%,,,,,,,,,,,,,,,,,,,,,,,,,,,,,,,,,,,,,
,123,,Cyprus,,,,,,,,,,,,,,,18,22,,,,,,,,9,,,,,,,,49,0.0%,,,,,,,,,,,,,,,,,,,,,,,,,,,,,,,,,,,,,
,124,,Nepal,,,,,,,,,,,,,,,,2,0,,,,8,8,3,5,2,15,6,,,,,48,0.0%,,,,,,,,,,,,,,,,,,,,,,,,,,,,,,,,,,,,,
,125,,Haiti,4,,3,,,,4,1,,,6,,,,1,,,,,8,,,,5,5,1,1,0,9,,,47,0.0%,,,,,,,,,,,,,,,,,,,,,,,,,,,,,,,,,,,,,
,126,,Trinidad and Tobago,,,,,,,,,,,,,,,,11,0,,,,,,11,2,,,,,,,22,45,0.0%,,,,,,,,,,,,,,,,,,,,,,,,,,,,,,,,,,,,,
,127,,Malawi,,,,,,,,,,,,,,,5,,,,,,,,0,,,,2,6,7,8,14,43,0.0%,,,,,,,,,,,,,,,,,,,,,,,,,,,,,,,,,,,,,
,128,,Viet Cong (South Vietnam)*,,,,,,,,,,,,,,,,,,,,,,10,10,10,10,,,,,,,40,0.0%,,,,,,,,,,,,,,,,,,,,,,,,,,,,,,,,,,,,,
,129,,Benin,,,,,,,,,,,,2,1,,2,,1,,,,0,2,,1,,,,,26,6,,39,0.0%,,,,,,,,,,,,,,,,,,,,,,,,,,,,,,,,,,,,,
,130,,Pathet Lao (Laos)*,,,,,,,,,,,11,11,15,,,,,,,,,,,,,,,,,,,38,0.0%,,,,,,,,,,,,,,,,,,,,,,,,,,,,,,,,,,,,,
,131,,Jamaica,,,,,,,,,,,,,1,1,0,,,3,,,,1,,13,8,4,1,3,4,,,37,0.0%,,,,,,,,,,,,,,,,,,,,,,,,,,,,,,,,,,,,,
,132,,Papua New Guinea,,,,,,,,,,,,,,,,,,,,,,,,,,32,,3,2,,,37,0.0%,,,,,,,,,,,,,,,,,,,,,,,,,,,,,,,,,,,,,
,133,,Burkina Faso,,,,,,,,,,,,1,,,1,0,0,,0,1,1,1,,,,14,8,9,,,0,36,0.0%,,,,,,,,,,,,,,,,,,,,,,,,,,,,,,,,,,,,,
,134,,Guyana,,,,,,,,,,,,,,,,,,,0,,,2,,,3,0,16,5,1,5,4,36,0.0%,,,,,,,,,,,,,,,,,,,,,,,,,,,,,,,,,,,,,
,135,,Liberia,,,,,,,,,,1,,,,,2,,,18,,1,,1,1,,,,2,,1,,,28,0.0%,,,,,,,,,,,,,,,,,,,,,,,,,,,,,,,,,,,,,
,136,,Seychelles,,,,,,,,,,,,,,,,,,,,,,,,,,,,1,,19,6,25,0.0%,,,,,,,,,,,,,,,,,,,,,,,,,,,,,,,,,,,,,
,137,,FNLA (Angola)*,,,,,,,,,,,,,,,,,,,,,,,,,,23,,,,,,23,0.0%,,,,,,,,,,,,,,,,,,,,,,,,,,,,,,,,,,,,,
,138,,Cabo Verde,,,,,,,,,,,,,,,,,,,,,,,,,,,2,,,18,,20,0.0%,,,,,,,,,,,,,,,,,,,,,,,,,,,,,,,,,,,,,
,139,,United Nations**,,,,,,,,,,,16,0,1,,,,,,,,,,,,,,,,,,,17,0.0%,,,,,,,,,,,,,,,,,,,,,,,,,,,,,,,,,,,,,
,140,,Rwanda,,,,,,,,,,,,,11,,0,0,,,,,,0,0,2,1,3,,1,,,,17,0.0%,,,,,,,,,,,,,,,,,,,,,,,,,,,,,,,,,,,,,
,141,,Costa Rica,,,,,,3,0,,,,,,,1,,,0,,,,,,,1,,3,,,6,2,0,16,0.0%,,,,,,,,,,,,,,,,,,,,,,,,,,,,,,,,,,,,,
,142,,LF (Lebanon)*,,,,,,,,,,,,,,,,,,,,,,,,,,,16,,,,,16,0.0%,,,,,,,,,,,,,,,,,,,,,,,,,,,,,,,,,,,,,
,143,,Suriname,,,,,,,,,,,,,,,,,,,,,,,,,,0,5,10,,,,15,0.0%,,,,,,,,,,,,,,,,,,,,,,,,,,,,,,,,,,,,,
,144,,Burundi,,,,,,,,,,,,,,,,,9,2,,3,,,,0,,,,,,,1,15,0.0%,,,,,,,,,,,,,,,,,,,,,,,,,,,,,,,,,,,,,
,145,,Khmer Rouge (Cambodia)*,,,,,,,,,,,,,,,,,,,,,,2,6,2,2,2,,,,,,14,0.0%,,,,,,,,,,,,,,,,,,,,,,,,,,,,,,,,,,,,,
,146,,SLA (Lebanon)*,,,,,,,,,,,,,,,,,,,,,,,,,,,14,,,,,14,0.0%,,,,,,,,,,,,,,,,,,,,,,,,,,,,,,,,,,,,,
,147,,Fiji,,,,,,,,,,,,,,,,,,,,,,,,,,8,4,,,,,12,0.0%,,,,,,,,,,,,,,,,,,,,,,,,,,,,,,,,,,,,,
,148,,Botswana,,,,,,,,,,,,,,,,,,,,,,,,,,,,1,1,7,2,11,0.0%,,,,,,,,,,,,,,,,,,,,,,,,,,,,,,,,,,,,,
,149,,Central African Republic,,,,,,,,,,,,2,,,,1,2,,3,,,2,,0,,,,,0,,0,11,0.0%,,,,,,,,,,,,,,,,,,,,,,,,,,,,,,,,,,,,,
,150,,Bahamas,,,,,,,,,,,,,,,,,,,,,,,,,,,,,11,,,11,0.0%,,,,,,,,,,,,,,,,,,,,,,,,,,,,,,,,,,,,,
,151,,Katanga,,,,,,,,,,,1,8,,,,,,,,,,,,,,,,,,,,10,0.0%,,,,,,,,,,,,,,,,,,,,,,,,,,,,,,,,,,,,,
,152,,Malta,,,,,,,,,,,,,,,,,,,,,,,0,0,,,,,8,,1,9,0.0%,,,,,,,,,,,,,,,,,,,,,,,,,,,,,,,,,,,,,
,153,,Lesotho,,,,,,,,,,,,,,,,,,,,,,,,,,,,1,,5,3,9,0.0%,,,,,,,,,,,,,,,,,,,,,,,,,,,,,,,,,,,,,
,154,,Biafra,,,,,,,,,,,,,,,,,,8,,1,,,,,,,,,,,,9,0.0%,,,,,,,,,,,,,,,,,,,,,,,,,,,,,,,,,,,,,
,155,,Armas (Guatemala)*,,,,,8,,,,,,,,,,,,,,,,,,,,,,,,,,,8,0.0%,,,,,,,,,,,,,,,,,,,,,,,,,,,,,,,,,,,,,
,156,,Haiti rebels*,,,,,,,,,,,,,,,,,,,,7,,,,,,,,,,,,7,0.0%,,,,,,,,,,,,,,,,,,,,,,,,,,,,,,,,,,,,,
,157,,Mauritius,,,,,,,,,,,,,,,,,,,0,,,0,,,2,,,,,3,,6,0.0%,,,,,,,,,,,,,,,,,,,,,,,,,,,,,,,,,,,,,
,158,,Indonesia rebels*,,,,,,,,,6,,,,,,,,,,,,,,,,,,,,,,,6,0.0%,,,,,,,,,,,,,,,,,,,,,,,,,,,,,,,,,,,,,
,159,,Equatorial Guinea,,,,,,,,,,,,,,,,,,,,,,,,,,,,,5,,1,6,0.0%,,,,,,,,,,,,,,,,,,,,,,,,,,,,,,,,,,,,,
,160,,eSwatini,,,,,,,,,,,,,,,,,,,,,,,,,,,,,,6,,6,0.0%,,,,,,,,,,,,,,,,,,,,,,,,,,,,,,,,,,,,,
,161,,Lebanon Palestinian rebels*,,,,,,,,,,,,,,,,,,,,,,,,,,,,,,,5,5,0.0%,,,,,,,,,,,,,,,,,,,,,,,,,,,,,,,,,,,,,
,162,,PLO (Israel)*,,,,,,,,,,,,,,,,,,,,,,,,,,,0,0,,0,4,5,0.0%,,,,,,,,,,,,,,,,,,,,,,,,,,,,,,,,,,,,,
,163,,ELF (Ethiopia)*,,,,,,,,,,,,,,,,,,,,,,,,,2,2,,,,,,4,0.0%,,,,,,,,,,,,,,,,,,,,,,,,,,,,,,,,,,,,,
,164,,Viet Minh (France)*,,,,,3,,,,,,,,,,,,,,,,,,,,,,,,,,,3,0.0%,,,,,,,,,,,,,,,,,,,,,,,,,,,,,,,,,,,,,
,165,,Anti-Castro rebels (Cuba)*,,,,,,,,,,,,2,,,,,,,,,,,,,,,,,,,,2,0.0%,,,,,,,,,,,,,,,,,,,,,,,,,,,,,,,,,,,,,
,166,,Comoros,,,,,,,,,,,,,,,,,,,,,,,,,,,1,1,,,,2,0.0%,,,,,,,,,,,,,,,,,,,,,,,,,,,,,,,,,,,,,
,167,,ZAPU (Zimbabwe)*,,,,,,,,,,,,,,,,,,,,,,,,,,,,1,0,0,,1,0.0%,,,,,,,,,,,,,,,,,,,,,,,,,,,,,,,,,,,,,
,168,,FRELIMO (Portugal)*,,,,,,,,,,,,,,,,,,,,,,,,1,,,,,,,,1,0.0%,,,,,,,,,,,,,,,,,,,,,,,,,,,,,,,,,,,,,
,169,,MPLA (Portugal)*,,,,,,,,,,,,,,,,,,,,,,,0,1,,,,,,,,1,0.0%,,,,,,,,,,,,,,,,,,,,,,,,,,,,,,,,,,,,,
,170,,PAIGC (Portugal)*,,,,,,,,,,,,,,,,,,,,,,,0,1,,,,,,,,1,0.0%,,,,,,,,,,,,,,,,,,,,,,,,,,,,,,,,,,,,,
,171,,Luxembourg,,,0,0,,,,,,,,,,,,,,,,,,,,,1,,,,,,,1,0.0%,,,,,,,,,,,,,,,,,,,,,,,,,,,,,,,,,,,,,
,172,,Bhutan,,,,,,,,,,,,,,,,,,,1,,,,,,,,,,,,,1,0.0%,,,,,,,,,,,,,,,,,,,,,,,,,,,,,,,,,,,,,
,173,,Hezbollah (Lebanon)*,,,,,,,,,,,,,,,,,,,,,,,,,,,,,,,1,1,0.0%,,,,,,,,,,,,,,,,,,,,,,,,,,,,,,,,,,,,,
,174,,EPLF (Ethiopia)*,,,,,,,,,,,,,,,,,,,,,,,,,,,,,,,0,0,0.0%,,,,,,,,,,,,,,,,,,,,,,,,,,,,,,,,,,,,,
,175,,Western Sahara,,,,,,,,,,,,,,,,,,,,,,,,,,,,,,0,0,0,0.0%,,,,,,,,,,,,,,,,,,,,,,,,,,,,,,,,,,,,,
,176,,FAN (Chad)*,,,,,,,,,,,,,,,,,,,,,,,,,,,,,0,,,0,0.0%,,,,,,,,,,,,,,,,,,,,,,,,,,,,,,,,,,,,,
,177,,Gambia,,,,,,,,,,,,,,,,,,,,0,,,,,,,,,,,,0,0.0%,,,,,,,,,,,,,,,,,,,,,,,,,,,,,,,,,,,,,
,178,,MNLF (Philippines)*,,,,,,,,,,,,,,,,,,,,,,,0,,,,,,,,,0,0.0%,,,,,,,,,,,,,,,,,,,,,,,,,,,,,,,,,,,,,
,,,Others,0,0,0,0,0,0,0,0,0,0,0,0,0,0,0,0,0,0,0,0,0,0,0,0,0,0,0,0,0,0,0,0,0.0%,,,,,,,,,,,,,,,,,,,,,,,,,,,,,,,,,,,,,
,,,Total,8150,11477,16619,23559,20442,20486,24664,23621,25041,21209,17600,16398,17526,20273,26727,25821,25770,25573,26129,28136,25270,32851,34526,36300,36584,37148,35973,39967,42371,38356,42226,826793,100%,,,,,,,,,,,,,,,,,,,,,,,,,,,,,,,,,,,,,
